{"cameraMode":{"drawMode":0,"name":"Shaded","section":"Shading Mode"},"sceneLighting":true,"audioPlay":false,"sceneViewState":{"showFog":true,"showMaterialUpdate":true,"showSkybox":true,"showFlares":true,"showImageEffects":true,"showParticleSystems":true},"in2DMode":false,"pivot":{"x":-3.1493635177612306,"y":0.03002856858074665,"z":1.3638384342193604},"rotation":{"x":-0.11742649227380753,"y":0.6318086981773377,"z":-0.0976286232471466,"w":-0.7599325776100159},"size":30.23354721069336,"orthographic":false}